Dep,ID,Y,EM,EM.share,FN,FN.share,EELV,EELV.share,LR,LR.share,PS,PS.share,LFI,LFI.share
Ain,01,2022,27.69,0.2769,26.05,0.2605,4.76,0.0476,5.28,0.0528,1.69,0.0169,17.37,0.1737
Aisne,02,2022,22.08,0.2208,39.27,0.3927,2.66,0.0266,4.1,0.041,1.12,0.0112,15.48,0.1548
Allier,03,2022,26.73,0.2673,27.06,0.2706,3.22,0.0322,5.55,0.0555,1.76,0.0176,16.68,0.1668
Alpes-de-Haute-Provence,04,2022,21.51,0.2151,26.9,0.269,4.09,0.0409,3.97,0.0397,1.44,0.0144,22.61,0.2261
Hautes-Alpes,05,2022,23.78,0.2378,22.84,0.2284,5.81,0.0581,5.23,0.0523,1.69,0.0169,22.87,0.2287
Alpes-Maritimes,06,2022,24.99,0.2499,26.64,0.2664,4.18,0.0418,5.59,0.0559,0.97,0.0097,16.57,0.1657
Ardèche,07,2022,23.03,0.2303,25.18,0.2518,4.34,0.0434,4.85,0.0485,2.13,0.0213,21.75,0.2175
Ardennes,08,2022,23.64,0.2364,36.01,0.3601,2.58,0.0258,4.14,0.0414,1.3,0.013,16.64,0.1664
Ariège,09,2022,19.71,0.1971,23.94,0.2394,3.29,0.0329,2.97,0.0297,3.5,0.035,26.07,0.2607
Aube,10,2022,25.6,0.256,32.95,0.3295,3.09,0.0309,5.96,0.0596,1.15,0.0115,15.02,0.1502
Aude,11,2022,20.29,0.2029,30.14,0.3014,2.98,0.0298,3.46,0.0346,2.9,0.029,19.79,0.1979
Aveyron,12,2022,27.75,0.2775,20.1,0.201,3.95,0.0395,5.84,0.0584,2.62,0.0262,19.15,0.1915
Bouches-du-Rhône,13,2022,22.71,0.2271,26.25,0.2625,4.17,0.0417,3.59,0.0359,1.17,0.0117,23.59,0.2359
Calvados,14,2022,31.16,0.3116,23.76,0.2376,5.09,0.0509,4.76,0.0476,1.77,0.0177,19.15,0.1915
Cantal,15,2022,28.42,0.2842,24.48,0.2448,3.12,0.0312,7.93,0.0793,2.05,0.0205,14.69,0.1469
Charente,16,2022,27.57,0.2757,26.18,0.2618,3.92,0.0392,4.33,0.0433,2.08,0.0208,19.36,0.1936
Charente-Maritime,17,2022,28.87,0.2887,25.32,0.2532,4.82,0.0482,4.9,0.049,1.74,0.0174,18.18,0.1818
Cher,18,2022,27.1,0.271,27.89,0.2789,3.13,0.0313,5.08,0.0508,1.61,0.0161,17.38,0.1738
Corrèze,19,2022,23.23,0.2323,22.2,0.222,3.53,0.0353,8.61,0.0861,2.53,0.0253,19.45,0.1945
Côte-d'Or,21,2022,28.56,0.2856,24.44,0.2444,4.76,0.0476,5.07,0.0507,1.81,0.0181,19.05,0.1905
Côtes-d'Armor,22,2022,31.02,0.3102,21.79,0.2179,5.28,0.0528,4.7,0.047,2.26,0.0226,20.26,0.2026
Creuse,23,2022,23.25,0.2325,25.09,0.2509,2.85,0.0285,6.57,0.0657,2.45,0.0245,20.46,0.2046
Dordogne,24,2022,23.74,0.2374,25.7,0.257,3.47,0.0347,4.57,0.0457,2.17,0.0217,20.3,0.203
Doubs,25,2022,27.55,0.2755,24.07,0.2407,4.72,0.0472,5.45,0.0545,1.77,0.0177,20.06,0.2006
Drôme,26,2022,24.78,0.2478,24.22,0.2422,4.88,0.0488,4.53,0.0453,1.82,0.0182,22.39,0.2239
Eure,27,2022,26.05,0.2605,32.29,0.3229,3.6,0.036,4.25,0.0425,1.26,0.0126,17.43,0.1743
Eure-et-Loir,28,2022,27.21,0.2721,28.16,0.2816,3.59,0.0359,5.91,0.0591,1.4,0.014,18.42,0.1842
Finistère,29,2022,32.21,0.3221,18.58,0.1858,6.12,0.0612,4.89,0.0489,2.41,0.0241,21.48,0.2148
Gard,30,2022,21.32,0.2132,29.34,0.2934,3.62,0.0362,3.72,0.0372,1.6,0.016,21.46,0.2146
Haute-Garonne,31,2022,26.9,0.269,18.21,0.1821,5.83,0.0583,3.71,0.0371,2.69,0.0269,25.87,0.2587
Gers,32,2022,24.89,0.2489,22.35,0.2235,3.51,0.0351,4.4,0.044,3.32,0.0332,18.35,0.1835
Gironde,33,2022,28.72,0.2872,21.47,0.2147,5.23,0.0523,4.21,0.0421,2.2,0.022,21.84,0.2184
Hérault,34,2022,22.28,0.2228,25.95,0.2595,4.39,0.0439,3.64,0.0364,1.9,0.019,24.24,0.2424
Ille-et-Vilaine,35,2022,34.5,0.345,17.06,0.1706,7.14,0.0714,4.39,0.0439,2.34,0.0234,22.2,0.222
Indre,36,2022,26.03,0.2603,28.53,0.2853,3.08,0.0308,5.45,0.0545,2.04,0.0204,17.32,0.1732
Indre-et-Loire,37,2022,30.99,0.3099,21.54,0.2154,4.96,0.0496,4.97,0.0497,1.9,0.019,20.77,0.2077
Isère,38,2022,26.85,0.2685,23.03,0.2303,6.01,0.0601,4.25,0.0425,1.89,0.0189,22.83,0.2283
Jura,39,2022,24.88,0.2488,26.29,0.2629,4.4,0.044,5.11,0.0511,1.81,0.0181,19.89,0.1989
Landes,40,2022,26.92,0.2692,22.73,0.2273,3.34,0.0334,4.03,0.0403,3.52,0.0352,17.26,0.1726
Loir-et-Cher,41,2022,27.92,0.2792,27.77,0.2777,3.93,0.0393,5.3,0.053,1.75,0.0175,16.8,0.168
Loire,42,2022,26.95,0.2695,25.33,0.2533,4.32,0.0432,4.8,0.048,1.81,0.0181,20.25,0.2025
Haute-Loire,43,2022,23.23,0.2323,27.66,0.2766,4.16,0.0416,6.83,0.0683,1.78,0.0178,17.41,0.1741
Loire-Atlantique,44,2022,31.98,0.3198,16.91,0.1691,7.49,0.0749,4.68,0.0468,2.29,0.0229,23.43,0.2343
Loiret,45,2022,28.92,0.2892,25.59,0.2559,4.29,0.0429,5.39,0.0539,1.69,0.0169,18.93,0.1893
Lot,46,2022,24.97,0.2497,19.58,0.1958,4.21,0.0421,5.16,0.0516,2.53,0.0253,23.71,0.2371
Lot-et-Garonne,47,2022,23.12,0.2312,27.32,0.2732,3.09,0.0309,4.18,0.0418,1.82,0.0182,18.49,0.1849
Lozère,48,2022,22.85,0.2285,22.34,0.2234,3.69,0.0369,6.46,0.0646,2.22,0.0222,19.48,0.1948
Maine-et-Loire,49,2022,35.6,0.356,20.26,0.2026,6.03,0.0603,4.88,0.0488,1.99,0.0199,18.27,0.1827
Manche,50,2022,32.57,0.3257,24.53,0.2453,4.17,0.0417,5.18,0.0518,2.06,0.0206,16.5,0.165
Marne,51,2022,28.63,0.2863,30.56,0.3056,3.49,0.0349,5.24,0.0524,1.29,0.0129,15.64,0.1564
Haute-Marne,52,2022,23.33,0.2333,36.6,0.366,2.75,0.0275,5.16,0.0516,1.39,0.0139,14.1,0.141
Mayenne,53,2022,36.4,0.364,22.39,0.2239,4.75,0.0475,5.53,0.0553,2.08,0.0208,15.34,0.1534
Meurthe-et-Moselle,54,2022,26.92,0.2692,27.49,0.2749,4.12,0.0412,3.78,0.0378,1.8,0.018,20.88,0.2088
Meuse,55,2022,24.91,0.2491,35.11,0.3511,3.18,0.0318,4.47,0.0447,1.51,0.0151,13.76,0.1376
Morbihan,56,2022,32.68,0.3268,22.01,0.2201,5.78,0.0578,4.89,0.0489,1.77,0.0177,18.02,0.1802
Moselle,57,2022,26.01,0.2601,30.37,0.3037,3.61,0.0361,3.68,0.0368,1.44,0.0144,19.1,0.191
Nièvre,58,2022,25.51,0.2551,29.2,0.292,3.16,0.0316,4.6,0.046,1.92,0.0192,17.72,0.1772
Nord,59,2022,26.37,0.2637,29.27,0.2927,3.68,0.0368,3.33,0.0333,1.43,0.0143,21.95,0.2195
Oise,60,2022,24.3,0.243,32.3,0.323,3.35,0.0335,4.24,0.0424,1.03,0.0103,19.28,0.1928
Orne,61,2022,30.48,0.3048,27.69,0.2769,3.65,0.0365,5.85,0.0585,1.57,0.0157,15.23,0.1523
Pas-de-Calais,62,2022,24.61,0.2461,38.68,0.3868,2.44,0.0244,3.2,0.032,1.47,0.0147,15.78,0.1578
Puy-de-Dôme,63,2022,28,0.28,21.86,0.2186,4.76,0.0476,4.85,0.0485,2.3,0.023,20.84,0.2084
Pyrénées-Atlantiques,64,2022,27.8,0.278,17.38,0.1738,4.97,0.0497,4.28,0.0428,2.31,0.0231,18.94,0.1894
Hautes-Pyrénées,65,2022,24.98,0.2498,22.19,0.2219,3.61,0.0361,3.38,0.0338,2.46,0.0246,19.61,0.1961
Pyrénées-Orientales,66,2022,20.54,0.2054,32.74,0.3274,3.2,0.032,3.28,0.0328,1.87,0.0187,19.2,0.192
Bas-Rhin,67,2022,30.7,0.307,25.3,0.253,4.96,0.0496,4.3,0.043,1.45,0.0145,18.22,0.1822
Haut-Rhin,68,2022,27.85,0.2785,27.77,0.2777,4.92,0.0492,4.15,0.0415,1.27,0.0127,17.2,0.172
Rhône,69,2022,30.61,0.3061,16.55,0.1655,5.71,0.0571,5.53,0.0553,1.75,0.0175,25.2,0.252
Haute-Saône,70,2022,22.42,0.2242,34.6,0.346,3.18,0.0318,5.01,0.0501,1.74,0.0174,15.65,0.1565
Saône-et-Loire,71,2022,27.61,0.2761,27.39,0.2739,3.59,0.0359,5.08,0.0508,2.02,0.0202,17.49,0.1749
Sarthe,72,2022,28.24,0.2824,27.68,0.2768,4.56,0.0456,5.36,0.0536,1.82,0.0182,18.26,0.1826
Savoie,73,2022,26.26,0.2626,23.03,0.2303,6.35,0.0635,5.52,0.0552,1.79,0.0179,20.24,0.2024
Haute-Savoie,74,2022,30.53,0.3053,20.54,0.2054,7.01,0.0701,5.23,0.0523,1.55,0.0155,18.28,0.1828
Paris,75,2022,35.33,0.3533,5.54,0.0554,7.61,0.0761,6.59,0.0659,2.17,0.0217,30.09,0.3009
Seine-Maritime,76,2022,27.95,0.2795,27.65,0.2765,3.85,0.0385,3.78,0.0378,1.73,0.0173,21.17,0.2117
Seine-et-Marne,77,2022,25,0.25,23.57,0.2357,4.04,0.0404,5.57,0.0557,1.19,0.0119,25.86,0.2586
Yvelines,78,2022,33.41,0.3341,13.77,0.1377,5.49,0.0549,8.32,0.0832,1.23,0.0123,22.89,0.2289
Deux-Sèvres,79,2022,32.93,0.3293,23.05,0.2305,4.85,0.0485,4.45,0.0445,2.09,0.0209,18.83,0.1883
Somme,80,2022,27.79,0.2779,32.81,0.3281,2.69,0.0269,3.81,0.0381,1.25,0.0125,17.51,0.1751
Tarn,81,2022,23.46,0.2346,24.6,0.246,3.78,0.0378,4.36,0.0436,2.53,0.0253,21.07,0.2107
Tarn-et-Garonne,82,2022,21.76,0.2176,28.93,0.2893,3.32,0.0332,4.11,0.0411,2.1,0.021,19.12,0.1912
Var,83,2022,23.77,0.2377,30.61,0.3061,3.51,0.0351,4.73,0.0473,0.95,0.0095,14.91,0.1491
Vaucluse,84,2022,22.01,0.2201,29.43,0.2943,3.99,0.0399,3.92,0.0392,1.24,0.0124,20.75,0.2075
Vendée,85,2022,35.64,0.3564,23.18,0.2318,4.7,0.047,5.37,0.0537,1.73,0.0173,14.42,0.1442
Vienne,86,2022,29.28,0.2928,23.4,0.234,4.63,0.0463,4.3,0.043,1.96,0.0196,21.22,0.2122
Haute-Vienne,87,2022,27.19,0.2719,22.44,0.2244,3.9,0.039,4.72,0.0472,2.8,0.028,21.34,0.2134
Vosges,88,2022,25.25,0.2525,32.22,0.3222,3.71,0.0371,4.59,0.0459,1.53,0.0153,16.04,0.1604
Yonne,89,2022,24.14,0.2414,31.25,0.3125,3.35,0.0335,5.28,0.0528,1.3,0.013,17.9,0.179
Territoire de Belfort,90,2022,24.07,0.2407,27.37,0.2737,4.02,0.0402,4.77,0.0477,1.51,0.0151,20.96,0.2096
Essonne,91,2022,27.65,0.2765,17.79,0.1779,4.97,0.0497,5.55,0.0555,1.34,0.0134,28.12,0.2812
Hauts-de-Seine,92,2022,37.11,0.3711,8.37,0.0837,6.08,0.0608,8.03,0.0803,1.36,0.0136,25.77,0.2577
Seine-Saint-Denis,93,2022,20.27,0.2027,11.88,0.1188,3.56,0.0356,3.22,0.0322,1.08,0.0108,49.09,0.4909
Val-de-Marne,94,2022,29.1,0.291,11.82,0.1182,5.42,0.0542,5.52,0.0552,1.4,0.014,32.67,0.3267
Val-d'Oise,95,2022,26.09,0.2609,17.2,0.172,3.91,0.0391,4.99,0.0499,1.15,0.0115,33.17,0.3317
Ain,01,2017,22.62,0.2262,25,0.25,,,21.43,0.2143,5.13,0.0513,15.88,0.1588
Aisne,02,2017,17.94,0.1794,35.67,0.3567,,,16.3,0.163,4.24,0.0424,16.99,0.1699
Allier,03,2017,23.72,0.2372,22.34,0.2234,,,18.94,0.1894,5.52,0.0552,19.91,0.1991
Alpes-de-Haute-Provence,04,2017,20.02,0.2002,24.53,0.2453,,,18.49,0.1849,5,0.05,22.51,0.2251
Hautes-Alpes,05,2017,21.8,0.218,21.25,0.2125,,,19.15,0.1915,5.88,0.0588,21.62,0.2162
Alpes-Maritimes,06,2017,19.04,0.1904,27.75,0.2775,,,27.39,0.2739,3.58,0.0358,14.96,0.1496
Ardèche,07,2017,21.64,0.2164,23.17,0.2317,,,17.3,0.173,6.01,0.0601,21.8,0.218
Ardennes,08,2017,18.33,0.1833,32.41,0.3241,,,17.22,0.1722,4.93,0.0493,17.83,0.1783
Ariège,09,2017,20.92,0.2092,21.7,0.217,,,12.75,0.1275,7.85,0.0785,26.76,0.2676
Aube,10,2017,18.98,0.1898,30.33,0.3033,,,23.05,0.2305,4.06,0.0406,13.97,0.1397
Aude,11,2017,20.07,0.2007,28.26,0.2826,,,15.06,0.1506,6.35,0.0635,21.52,0.2152
Aveyron,12,2017,25.83,0.2583,16.2,0.162,,,20.78,0.2078,6.16,0.0616,19.66,0.1966
Bouches-du-Rhône,13,2017,19.37,0.1937,27.28,0.2728,,,19.76,0.1976,4.53,0.0453,22.02,0.2202
Calvados,14,2017,24.83,0.2483,20.36,0.2036,,,20.5,0.205,6.8,0.068,18.83,0.1883
Cantal,15,2017,26.73,0.2673,18.17,0.1817,,,23.58,0.2358,5.25,0.0525,15.91,0.1591
Charente,16,2017,25.07,0.2507,21.4,0.214,,,16.96,0.1696,6.32,0.0632,20.48,0.2048
Charente-Maritime,17,2017,23.91,0.2391,21.14,0.2114,,,20.59,0.2059,5.76,0.0576,18.97,0.1897
Cher,18,2017,22.05,0.2205,24.18,0.2418,,,19.09,0.1909,5.3,0.053,19.51,0.1951
Corrèze,19,2017,26.93,0.2693,17.34,0.1734,,,17.46,0.1746,6.36,0.0636,20.85,0.2085
Côte-d'Or,21,2017,23.65,0.2365,22.52,0.2252,,,21.26,0.2126,5.9,0.059,17.84,0.1784
Côtes-d'Armor,22,2017,27.99,0.2799,16.46,0.1646,,,18.38,0.1838,8.6,0.086,20.27,0.2027
Creuse,23,2017,22.5,0.225,22.5,0.225,,,17.99,0.1799,7.82,0.0782,21.11,0.2111
Dordogne,24,2017,22.49,0.2249,22.97,0.2297,,,17.09,0.1709,6.35,0.0635,22.97,0.2297
Doubs,25,2017,22.5,0.225,23.45,0.2345,,,21.09,0.2109,5.74,0.0574,17.88,0.1788
Drôme,26,2017,21.88,0.2188,23.9,0.239,,,18.5,0.185,6.02,0.0602,20.1,0.201
Eure,27,2017,19.89,0.1989,29.31,0.2931,,,18.84,0.1884,5.05,0.0505,17.47,0.1747
Eure-et-Loir,28,2017,21.74,0.2174,25.08,0.2508,,,21.84,0.2184,5.25,0.0525,16.2,0.162
Finistère,29,2017,29.45,0.2945,13.89,0.1389,,,17.94,0.1794,10.91,0.1091,19.67,0.1967
Gard,30,2017,18.78,0.1878,29.3,0.293,,,17.2,0.172,4.87,0.0487,21.61,0.2161
Haute-Garonne,31,2017,26.43,0.2643,16.71,0.1671,,,16.49,0.1649,8.37,0.0837,23.69,0.2369
Gers,32,2017,23.4,0.234,19.71,0.1971,,,17.96,0.1796,8.03,0.0803,19.45,0.1945
Gironde,33,2017,26.13,0.2613,18.26,0.1826,,,17.08,0.1708,7.56,0.0756,21.85,0.2185
Hérault,34,2017,20.52,0.2052,25.7,0.257,,,17.6,0.176,5.77,0.0577,22.97,0.2297
Ille-et-Vilaine,35,2017,30.26,0.3026,14.12,0.1412,,,19.03,0.1903,8.91,0.0891,19.7,0.197
Indre,36,2017,20.85,0.2085,24.43,0.2443,,,19.46,0.1946,5.95,0.0595,19.05,0.1905
Indre-et-Loire,37,2017,24.47,0.2447,18.98,0.1898,,,21.24,0.2124,6.74,0.0674,19.4,0.194
Isère,38,2017,24.77,0.2477,22.33,0.2233,,,17.05,0.1705,6.59,0.0659,20.52,0.2052
Jura,39,2017,21.33,0.2133,24.14,0.2414,,,18.97,0.1897,5.07,0.0507,20.28,0.2028
Landes,40,2017,24.63,0.2463,18.14,0.1814,,,17.13,0.1713,8.69,0.0869,20.15,0.2015
Loir-et-Cher,41,2017,20.98,0.2098,25.12,0.2512,,,22.07,0.2207,5.66,0.0566,16.3,0.163
Loire,42,2017,23.17,0.2317,24.08,0.2408,,,18.36,0.1836,5.8,0.058,18.75,0.1875
Haute-Loire,43,2017,23.51,0.2351,23.06,0.2306,,,18.6,0.186,5.33,0.0533,18.21,0.1821
Loire-Atlantique,44,2017,28.66,0.2866,13.7,0.137,,,19.68,0.1968,8.03,0.0803,21.98,0.2198
Loiret,45,2017,23.48,0.2348,23.53,0.2353,,,21.28,0.2128,5.75,0.0575,16.35,0.1635
Lot,46,2017,26.65,0.2665,16.13,0.1613,,,16.66,0.1666,7.18,0.0718,23.48,0.2348
Lot-et-Garonne,47,2017,20.79,0.2079,25.03,0.2503,,,18.44,0.1844,5.63,0.0563,19.08,0.1908
Lozère,48,2017,21.73,0.2173,18.89,0.1889,,,22.82,0.2282,5.68,0.0568,19.7,0.197
Maine-et-Loire,49,2017,26.51,0.2651,16.98,0.1698,,,23.73,0.2373,6.44,0.0644,17.06,0.1706
Manche,50,2017,24.86,0.2486,20.51,0.2051,,,21.6,0.216,6.4,0.064,16.98,0.1698
Marne,51,2017,20.75,0.2075,28.07,0.2807,,,22.15,0.2215,4.66,0.0466,15.12,0.1512
Haute-Marne,52,2017,18,0.18,33.22,0.3322,,,19.12,0.1912,4.19,0.0419,15.01,0.1501
Mayenne,53,2017,26.04,0.2604,16.9,0.169,,,27.06,0.2706,5.69,0.0569,14.87,0.1487
Meurthe-et-Moselle,54,2017,22.04,0.2204,25.86,0.2586,,,16.5,0.165,6.22,0.0622,20.38,0.2038
Meuse,55,2017,19.35,0.1935,32.32,0.3232,,,18.02,0.1802,4.59,0.0459,14.97,0.1497
Morbihan,56,2017,27.86,0.2786,17.69,0.1769,,,20.88,0.2088,7.33,0.0733,17.49,0.1749
Moselle,57,2017,21.05,0.2105,28.35,0.2835,,,17.17,0.1717,5.27,0.0527,17.9,0.179
Nièvre,58,2017,22.71,0.2271,24.76,0.2476,,,17.25,0.1725,6.52,0.0652,19.16,0.1916
Nord,59,2017,19.85,0.1985,28.22,0.2822,,,16.75,0.1675,5.65,0.0565,21.28,0.2128
Oise,60,2017,19.8,0.198,30.88,0.3088,,,17.54,0.1754,4.69,0.0469,17.68,0.1768
Orne,61,2017,21.57,0.2157,23.81,0.2381,,,24.74,0.2474,5.21,0.0521,14.78,0.1478
Pas-de-Calais,62,2017,18.45,0.1845,34.35,0.3435,,,14.29,0.1429,5.17,0.0517,19.13,0.1913
Puy-de-Dôme,63,2017,27.15,0.2715,17.68,0.1768,,,16.39,0.1639,7.24,0.0724,21.99,0.2199
Pyrénées-Atlantiques,64,2017,26.28,0.2628,13.74,0.1374,,,18.16,0.1816,7.73,0.0773,19.92,0.1992
Hautes-Pyrénées,65,2017,25.11,0.2511,18.57,0.1857,,,14.48,0.1448,7.11,0.0711,23.01,0.2301
Pyrénées-Orientales,66,2017,18.46,0.1846,30.05,0.3005,,,17.19,0.1719,5.04,0.0504,21.14,0.2114
Bas-Rhin,67,2017,22.29,0.2229,24.7,0.247,,,22,0.22,5.34,0.0534,14.78,0.1478
Haut-Rhin,68,2017,19.76,0.1976,27.16,0.2716,,,22.34,0.2234,4.63,0.0463,14.32,0.1432
Rhône,69,2017,26.58,0.2658,16.26,0.1626,,,23.16,0.2316,6.76,0.0676,19.7,0.197
Haute-Saône,70,2017,19.59,0.1959,31.36,0.3136,,,18.05,0.1805,4.73,0.0473,15.88,0.1588
Saône-et-Loire,71,2017,22.33,0.2233,24.28,0.2428,,,19.39,0.1939,6.19,0.0619,17.83,0.1783
Sarthe,72,2017,20.04,0.2004,20.8,0.208,,,28.61,0.2861,5.33,0.0533,17.63,0.1763
Savoie,73,2017,23.13,0.2313,21.71,0.2171,,,21.04,0.2104,5.69,0.0569,18.63,0.1863
Haute-Savoie,74,2017,24.23,0.2423,18.84,0.1884,,,25.41,0.2541,5.27,0.0527,16.22,0.1622
Paris,75,2017,34.83,0.3483,4.99,0.0499,,,26.45,0.2645,10.18,0.1018,19.56,0.1956
Seine-Maritime,76,2017,21.23,0.2123,24.9,0.249,,,17.24,0.1724,6.05,0.0605,22.2,0.222
Seine-et-Marne,77,2017,23.11,0.2311,22.85,0.2285,,,17.77,0.1777,5.7,0.057,20.84,0.2084
Yvelines,78,2017,28.86,0.2886,12.92,0.1292,,,27.25,0.2725,6.93,0.0693,16.65,0.1665
Deux-Sèvres,79,2017,26.97,0.2697,18.02,0.1802,,,18.75,0.1875,6.97,0.0697,19.41,0.1941
Somme,80,2017,21.75,0.2175,30.37,0.3037,,,16.22,0.1622,4.46,0.0446,18.61,0.1861
Tarn,81,2017,22.14,0.2214,22.42,0.2242,,,17.56,0.1756,6.64,0.0664,20.57,0.2057
Tarn-et-Garonne,82,2017,20.65,0.2065,26.69,0.2669,,,17.71,0.1771,5.84,0.0584,18.97,0.1897
Var,83,2017,17.73,0.1773,30.43,0.3043,,,24.87,0.2487,3.44,0.0344,15.38,0.1538
Vaucluse,84,2017,18.52,0.1852,30.53,0.3053,,,18.97,0.1897,4.31,0.0431,19.37,0.1937
Vendée,85,2017,26.26,0.2626,18.53,0.1853,,,25.5,0.255,5.1,0.051,15.08,0.1508
Vienne,86,2017,24.88,0.2488,19.78,0.1978,,,17.96,0.1796,7.09,0.0709,20.64,0.2064
Haute-Vienne,87,2017,26.67,0.2667,18.2,0.182,,,15.6,0.156,7.74,0.0774,22.33,0.2233
Vosges,88,2017,19.86,0.1986,29.12,0.2912,,,18.03,0.1803,4.96,0.0496,16.64,0.1664
Yonne,89,2017,19.63,0.1963,28.52,0.2852,,,19.91,0.1991,4.79,0.0479,16.7,0.167
Territoire de Belfort,90,2017,20.64,0.2064,26.89,0.2689,,,17.7,0.177,5.85,0.0585,19.1,0.191
Essonne,91,2017,26.21,0.2621,16.43,0.1643,,,18.04,0.1804,6.75,0.0675,21.88,0.2188
Hauts-de-Seine,92,2017,32.3,0.323,7.64,0.0764,,,29.14,0.2914,7.19,0.0719,18.28,0.1828
Seine-Saint-Denis,93,2017,24.04,0.2404,13.59,0.1359,,,12.76,0.1276,8.41,0.0841,34.02,0.3402
Val-de-Marne,94,2017,28.33,0.2833,11.5,0.115,,,20.21,0.2021,7.77,0.0777,24.53,0.2453
Val-d'Oise,95,2017,25.31,0.2531,17.18,0.1718,,,18.45,0.1845,6.84,0.0684,23.96,0.2396
Ain,01,2012,,,20.71,0.2071,2.26,0.0226,24.81,0.2481,22.75,0.2275,,
Aisne,02,2012,,,26.33,0.2633,1.16,0.0116,19.17,0.1917,27.1,0.271,,
Allier,03,2012,,,18.32,0.1832,1.57,0.0157,19.31,0.1931,29.68,0.2968,,
Alpes-de-Haute-Provence,04,2012,,,20.71,0.2071,2.91,0.0291,20.71,0.2071,24.36,0.2436,,
Hautes-Alpes,05,2012,,,17.7,0.177,3.63,0.0363,21.2,0.212,24.49,0.2449,,
Alpes-Maritimes,06,2012,,,23.5,0.235,2.15,0.0215,29.08,0.2908,19.21,0.1921,,
Ardèche,07,2012,,,20.04,0.2004,2.8,0.028,19.6,0.196,25.98,0.2598,,
Ardennes,08,2012,,,24.5,0.245,1.22,0.0122,19.09,0.1909,28.93,0.2893,,
Ariège,09,2012,,,16.79,0.1679,2.85,0.0285,15.45,0.1545,34.36,0.3436,,
Aube,10,2012,,,25.12,0.2512,1.41,0.0141,24.16,0.2416,22.79,0.2279,,
Aude,11,2012,,,23.22,0.2322,2.09,0.0209,17.71,0.1771,30.41,0.3041,,
Aveyron,12,2012,,,14.1,0.141,2.34,0.0234,21.23,0.2123,29.44,0.2944,,
Bouches-du-Rhône,13,2012,,,23.38,0.2338,2.11,0.0211,21.77,0.2177,24.51,0.2451,,
Calvados,14,2012,,,16.22,0.1622,2.13,0.0213,22.37,0.2237,29.34,0.2934,,
Cantal,15,2012,,,15.12,0.1512,1.56,0.0156,23.27,0.2327,30.84,0.3084,,
Charente,16,2012,,,17.72,0.1772,1.83,0.0183,18.52,0.1852,32.79,0.3279,,
Charente-Maritime,17,2012,,,17.45,0.1745,2.21,0.0221,22.55,0.2255,28.47,0.2847,,
Cher,18,2012,,,19.73,0.1973,1.58,0.0158,19.63,0.1963,26.76,0.2676,,
Corrèze,19,2012,,,13.31,0.1331,1.38,0.0138,18.05,0.1805,42.97,0.4297,,
Côte-d'Or,21,2012,,,18.84,0.1884,2.1,0.021,23.28,0.2328,27.79,0.2779,,
Côtes-d'Armor,22,2012,,,13.58,0.1358,2.78,0.0278,20.08,0.2008,33.02,0.3302,,
Creuse,23,2012,,,16.27,0.1627,1.76,0.0176,17.84,0.1784,34.02,0.3402,,
Dordogne,24,2012,,,17.01,0.1701,2.13,0.0213,19.03,0.1903,32.09,0.3209,,
Doubs,25,2012,,,19.19,0.1919,2.35,0.0235,23.12,0.2312,26.28,0.2628,,
Drôme,26,2012,,,20.96,0.2096,2.87,0.0287,21.33,0.2133,25.05,0.2505,,
Eure,27,2012,,,22.75,0.2275,1.66,0.0166,22.24,0.2224,24.65,0.2465,,
Eure-et-Loir,28,2012,,,20.72,0.2072,1.6,0.016,23.37,0.2337,25.71,0.2571,,
Finistère,29,2012,,,11.98,0.1198,2.95,0.0295,20.24,0.2024,33.7,0.337,,
Gard,30,2012,,,25.51,0.2551,2.12,0.0212,20.25,0.2025,24.11,0.2411,,
Haute-Garonne,31,2012,,,15.31,0.1531,3.04,0.0304,18.75,0.1875,32.83,0.3283,,
Gers,32,2012,,,15.9,0.159,2.25,0.0225,20.26,0.2026,31.86,0.3186,,
Gironde,33,2012,,,15.61,0.1561,2.43,0.0243,20.18,0.2018,31.75,0.3175,,
Hérault,34,2012,,,22.28,0.2228,2.52,0.0252,20.44,0.2044,26.69,0.2669,,
Ille-et-Vilaine,35,2012,,,12.39,0.1239,3.17,0.0317,21.62,0.2162,31.77,0.3177,,
Indre,36,2012,,,19.55,0.1955,1.45,0.0145,19.31,0.1931,29.87,0.2987,,
Indre-et-Loire,37,2012,,,15.98,0.1598,2.23,0.0223,22.93,0.2293,28.1,0.281,,
Isère,38,2012,,,18.97,0.1897,3.03,0.0303,20.25,0.2025,27.84,0.2784,,
Jura,39,2012,,,20.41,0.2041,2.4,0.024,21.15,0.2115,24.6,0.246,,
Landes,40,2012,,,14.1,0.141,1.83,0.0183,20.18,0.2018,32.75,0.3275,,
Loir-et-Cher,41,2012,,,20.88,0.2088,1.73,0.0173,23.02,0.2302,25.01,0.2501,,
Loire,42,2012,,,21.55,0.2155,1.96,0.0196,20.29,0.2029,26.46,0.2646,,
Haute-Loire,43,2012,,,20.4,0.204,2.1,0.021,20.12,0.2012,26.36,0.2636,,
Loire-Atlantique,44,2012,,,12.18,0.1218,3.15,0.0315,21.56,0.2156,31.76,0.3176,,
Loiret,45,2012,,,20.58,0.2058,1.89,0.0189,23.56,0.2356,25.45,0.2545,,
Lot,46,2012,,,13.48,0.1348,2.67,0.0267,18.09,0.1809,34.51,0.3451,,
Lot-et-Garonne,47,2012,,,21.41,0.2141,1.92,0.0192,20.66,0.2066,26.91,0.2691,,
Lozère,48,2012,,,17.3,0.173,2.61,0.0261,23.18,0.2318,25.15,0.2515,,
Maine-et-Loire,49,2012,,,13.88,0.1388,2.36,0.0236,24.67,0.2467,27.1,0.271,,
Manche,50,2012,,,16.64,0.1664,1.83,0.0183,23.48,0.2348,27.04,0.2704,,
Marne,51,2012,,,22.44,0.2244,1.51,0.0151,23.22,0.2322,24.05,0.2405,,
Haute-Marne,52,2012,,,25.26,0.2526,1.38,0.0138,22.03,0.2203,23.75,0.2375,,
Mayenne,53,2012,,,14.77,0.1477,2.12,0.0212,25.26,0.2526,25.87,0.2587,,
Meurthe-et-Moselle,54,2012,,,21.17,0.2117,1.81,0.0181,19.05,0.1905,27.92,0.2792,,
Meuse,55,2012,,,25.82,0.2582,1.6,0.016,21.31,0.2131,23.4,0.234,,
Morbihan,56,2012,,,15.55,0.1555,2.81,0.0281,23.36,0.2336,28.29,0.2829,,
Moselle,57,2012,,,24.73,0.2473,1.73,0.0173,19.89,0.1989,24.53,0.2453,,
Nièvre,58,2012,,,19.58,0.1958,1.64,0.0164,17.83,0.1783,32.64,0.3264,,
Nord,59,2012,,,21.91,0.2191,1.75,0.0175,18.9,0.189,27.97,0.2797,,
Oise,60,2012,,,25.08,0.2508,1.51,0.0151,21.12,0.2112,24.9,0.249,,
Orne,61,2012,,,20,0.2,1.79,0.0179,24.23,0.2423,24.26,0.2426,,
Pas-de-Calais,62,2012,,,25.53,0.2553,1.21,0.0121,17.13,0.1713,29.44,0.2944,,
Puy-de-Dôme,63,2012,,,15.58,0.1558,2.04,0.0204,17.61,0.1761,33.09,0.3309,,
Pyrénées-Atlantiques,64,2012,,,12.15,0.1215,2.88,0.0288,19.01,0.1901,29.93,0.2993,,
Hautes-Pyrénées,65,2012,,,14.91,0.1491,2.08,0.0208,16.63,0.1663,33.16,0.3316,,
Pyrénées-Orientales,66,2012,,,24.23,0.2423,2.11,0.0211,20.31,0.2031,25.96,0.2596,,
Bas-Rhin,67,2012,,,21.21,0.2121,2.76,0.0276,26.33,0.2633,19.58,0.1958,,
Haut-Rhin,68,2012,,,23.43,0.2343,2.71,0.0271,24.82,0.2482,18.89,0.1889,,
Rhône,69,2012,,,15.09,0.1509,2.9,0.029,24.71,0.2471,26.91,0.2691,,
Haute-Saône,70,2012,,,25.12,0.2512,1.58,0.0158,20.46,0.2046,26.38,0.2638,,
Saône-et-Loire,71,2012,,,20.03,0.2003,1.67,0.0167,20.61,0.2061,28.69,0.2869,,
Sarthe,72,2012,,,19.17,0.1917,1.89,0.0189,21.18,0.2118,28.13,0.2813,,
Savoie,73,2012,,,18.92,0.1892,3.42,0.0342,23.28,0.2328,23.64,0.2364,,
Haute-Savoie,74,2012,,,16.56,0.1656,3.59,0.0359,27.14,0.2714,20.52,0.2052,,
Paris,75,2012,,,6.2,0.062,4.18,0.0418,25.49,0.2549,34.83,0.3483,,
Seine-Maritime,76,2012,,,18.9,0.189,1.63,0.0163,19.86,0.1986,29.4,0.294,,
Seine-et-Marne,77,2012,,,19.65,0.1965,1.96,0.0196,20.87,0.2087,27.65,0.2765,,
Yvelines,78,2012,,,12.44,0.1244,2.5,0.025,26.58,0.2658,27.32,0.2732,,
Deux-Sèvres,79,2012,,,13.57,0.1357,2.02,0.0202,20.49,0.2049,33.34,0.3334,,
Somme,80,2012,,,23.77,0.2377,1.22,0.0122,19.22,0.1922,28.37,0.2837,,
Tarn,81,2012,,,18.93,0.1893,2.14,0.0214,19.41,0.1941,30.69,0.3069,,
Tarn-et-Garonne,82,2012,,,22.1,0.221,1.97,0.0197,20.91,0.2091,27.63,0.2763,,
Var,83,2012,,,24.83,0.2483,1.89,0.0189,27.63,0.2763,19.65,0.1965,,
Vaucluse,84,2012,,,27.03,0.2703,2.26,0.0226,22.14,0.2214,22.33,0.2233,,
Vendée,85,2012,,,15.18,0.1518,1.88,0.0188,27.41,0.2741,24.81,0.2481,,
Vienne,86,2012,,,16.41,0.1641,2.17,0.0217,19.82,0.1982,31.99,0.3199,,
Haute-Vienne,87,2012,,,16.44,0.1644,1.8,0.018,16.32,0.1632,35.9,0.359,,
Vosges,88,2012,,,24.18,0.2418,1.76,0.0176,20.31,0.2031,24.68,0.2468,,
Yonne,89,2012,,,23.68,0.2368,1.76,0.0176,21.9,0.219,24,0.24,,
Territoire de Belfort,90,2012,,,23.74,0.2374,2.02,0.0202,18.85,0.1885,26.01,0.2601,,
Essonne,91,2012,,,15.2,0.152,2.35,0.0235,19.82,0.1982,30.39,0.3039,,
Hauts-de-Seine,92,2012,,,8.51,0.0851,2.74,0.0274,27.34,0.2734,30.16,0.3016,,
Seine-Saint-Denis,93,2012,,,13.55,0.1355,2.21,0.0221,14.05,0.1405,38.68,0.3868,,
Val-de-Marne,94,2012,,,11.86,0.1186,2.63,0.0263,20.27,0.2027,32.93,0.3293,,
Val-d'Oise,95,2012,,,15.6,0.156,2.05,0.0205,19.84,0.1984,32.41,0.3241,,
Ain,01,2007,,,12.28,0.1228,1.73,0.0173,34.5,0.345,20.67,0.2067,,
Aisne,02,2007,,,17.28,0.1728,1.19,0.0119,29.3,0.293,23.42,0.2342,,
Allier,03,2007,,,10.06,0.1006,1.32,0.0132,28.06,0.2806,25.64,0.2564,,
Alpes-de-Haute-Provence,04,2007,,,11.24,0.1124,1.71,0.0171,29.98,0.2998,25.24,0.2524,,
Hautes-Alpes,05,2007,,,8.92,0.0892,2.07,0.0207,30.66,0.3066,24.49,0.2449,,
Alpes-Maritimes,06,2007,,,13.47,0.1347,1.43,0.0143,43.59,0.4359,17.9,0.179,,
Ardèche,07,2007,,,11.35,0.1135,1.66,0.0166,27.64,0.2764,25.14,0.2514,,
Ardennes,08,2007,,,16.2,0.162,1.29,0.0129,29.04,0.2904,24.56,0.2456,,
Ariège,09,2007,,,9.72,0.0972,1.52,0.0152,21.91,0.2191,35,0.35,,
Aube,10,2007,,,15.44,0.1544,1.35,0.0135,35.15,0.3515,19.69,0.1969,,
Aude,11,2007,,,13.2,0.132,1.19,0.0119,26.29,0.2629,30.7,0.307,,
Aveyron,12,2007,,,7.39,0.0739,1.38,0.0138,28.74,0.2874,27.17,0.2717,,
Bouches-du-Rhône,13,2007,,,13.87,0.1387,1.34,0.0134,34.24,0.3424,23.78,0.2378,,
Calvados,14,2007,,,8.99,0.0899,1.65,0.0165,29.25,0.2925,25.18,0.2518,,
Cantal,15,2007,,,8.17,0.0817,1.19,0.0119,33.36,0.3336,24,0.24,,
Charente,16,2007,,,9.15,0.0915,1.43,0.0143,27.11,0.2711,30.33,0.3033,,
Charente-Maritime,17,2007,,,8.94,0.0894,1.49,0.0149,30.09,0.3009,27.66,0.2766,,
Cher,18,2007,,,11.73,0.1173,1.42,0.0142,28.51,0.2851,23.56,0.2356,,
Corrèze,19,2007,,,7.58,0.0758,1.18,0.0118,28.04,0.2804,29.73,0.2973,,
Côte-d'Or,21,2007,,,11.66,0.1166,1.59,0.0159,32.08,0.3208,24.14,0.2414,,
Côtes-d'Armor,22,2007,,,7.39,0.0739,1.88,0.0188,25.8,0.258,30.05,0.3005,,
Creuse,23,2007,,,8.68,0.0868,1.28,0.0128,27.41,0.2741,29.02,0.2902,,
Dordogne,24,2007,,,9.48,0.0948,1.34,0.0134,26.91,0.2691,29.81,0.2981,,
Doubs,25,2007,,,12.24,0.1224,1.89,0.0189,32.39,0.3239,24.87,0.2487,,
Drôme,26,2007,,,11.96,0.1196,1.86,0.0186,29.93,0.2993,24.23,0.2423,,
Eure,27,2007,,,13.2,0.132,1.44,0.0144,31.41,0.3141,21.24,0.2124,,
Eure-et-Loir,28,2007,,,12.25,0.1225,1.41,0.0141,33.13,0.3313,22.15,0.2215,,
Finistère,29,2007,,,6.52,0.0652,1.85,0.0185,27.27,0.2727,29.19,0.2919,,
Gard,30,2007,,,15.44,0.1544,1.32,0.0132,30.45,0.3045,23.31,0.2331,,
Haute-Garonne,31,2007,,,8.45,0.0845,1.59,0.0159,26.68,0.2668,33.09,0.3309,,
Gers,32,2007,,,8.43,0.0843,1.3,0.013,26.08,0.2608,31.19,0.3119,,
Gironde,33,2007,,,9.12,0.0912,1.51,0.0151,28.05,0.2805,29.27,0.2927,,
Hérault,34,2007,,,13.35,0.1335,1.45,0.0145,31.14,0.3114,26.05,0.2605,,
Ille-et-Vilaine,35,2007,,,6.23,0.0623,2.09,0.0209,28.13,0.2813,28.22,0.2822,,
Indre,36,2007,,,11.8,0.118,1.36,0.0136,26.95,0.2695,25.07,0.2507,,
Indre-et-Loire,37,2007,,,9.1,0.091,1.65,0.0165,30.7,0.307,24.87,0.2487,,
Isère,38,2007,,,10.09,0.1009,1.87,0.0187,30.21,0.3021,26.86,0.2686,,
Jura,39,2007,,,13.35,0.1335,2.15,0.0215,29.1,0.291,22.67,0.2267,,
Landes,40,2007,,,7.07,0.0707,1.24,0.0124,27.42,0.2742,31.42,0.3142,,
Loir-et-Cher,41,2007,,,12.8,0.128,1.54,0.0154,29.84,0.2984,21.93,0.2193,,
Loire,42,2007,,,11.96,0.1196,1.6,0.016,29.67,0.2967,23.82,0.2382,,
Haute-Loire,43,2007,,,11.7,0.117,1.51,0.0151,28.8,0.288,22.58,0.2258,,
Loire-Atlantique,44,2007,,,6.56,0.0656,1.9,0.019,28.01,0.2801,29.77,0.2977,,
Loiret,45,2007,,,11.84,0.1184,1.61,0.0161,33.66,0.3366,22.49,0.2249,,
Lot,46,2007,,,7.22,0.0722,1.46,0.0146,24.22,0.2422,31.98,0.3198,,
Lot-et-Garonne,47,2007,,,12.5,0.125,1.26,0.0126,29.17,0.2917,25.22,0.2522,,
Lozère,48,2007,,,9.44,0.0944,1.39,0.0139,31.81,0.3181,22.72,0.2272,,
Maine-et-Loire,49,2007,,,7.12,0.0712,1.86,0.0186,30.97,0.3097,23.24,0.2324,,
Manche,50,2007,,,9.19,0.0919,1.49,0.0149,32.06,0.3206,21.5,0.215,,
Marne,51,2007,,,13.86,0.1386,1.53,0.0153,33.75,0.3375,20.72,0.2072,,
Haute-Marne,52,2007,,,17,0.17,1.43,0.0143,31.71,0.3171,20.47,0.2047,,
Mayenne,53,2007,,,7.56,0.0756,1.88,0.0188,32.12,0.3212,22.63,0.2263,,
Meurthe-et-Moselle,54,2007,,,12.57,0.1257,1.58,0.0158,28.46,0.2846,25.52,0.2552,,
Meuse,55,2007,,,16.32,0.1632,1.51,0.0151,29.98,0.2998,21.13,0.2113,,
Morbihan,56,2007,,,9.02,0.0902,1.94,0.0194,29.8,0.298,25.13,0.2513,,
Moselle,57,2007,,,14.81,0.1481,1.59,0.0159,30.57,0.3057,22.08,0.2208,,
Nièvre,58,2007,,,11.98,0.1198,1.33,0.0133,26.31,0.2631,29.35,0.2935,,
Nord,59,2007,,,13.83,0.1383,1.45,0.0145,29.3,0.293,24.83,0.2483,,
Oise,60,2007,,,14.93,0.1493,1.48,0.0148,32.9,0.329,21.31,0.2131,,
Orne,61,2007,,,12.28,0.1228,1.57,0.0157,32.33,0.3233,20.64,0.2064,,
Pas-de-Calais,62,2007,,,16.02,0.1602,1.24,0.0124,25.68,0.2568,25.34,0.2534,,
Puy-de-Dôme,63,2007,,,8.2,0.082,1.52,0.0152,26.28,0.2628,29.32,0.2932,,
Pyrénées-Atlantiques,64,2007,,,6.16,0.0616,1.62,0.0162,24.93,0.2493,26.31,0.2631,,
Hautes-Pyrénées,65,2007,,,7.71,0.0771,1.22,0.0122,22.76,0.2276,30.88,0.3088,,
Pyrénées-Orientales,66,2007,,,14.21,0.1421,1.28,0.0128,32.2,0.322,24.82,0.2482,,
Bas-Rhin,67,2007,,,13.19,0.1319,2.02,0.0202,36.24,0.3624,17.05,0.1705,,
Haut-Rhin,68,2007,,,14.07,0.1407,2.05,0.0205,36.12,0.3612,17.19,0.1719,,
Rhône,69,2007,,,9.09,0.0909,1.75,0.0175,35.07,0.3507,23.86,0.2386,,
Haute-Saône,70,2007,,,16.48,0.1648,1.58,0.0158,30.44,0.3044,23.47,0.2347,,
Saône-et-Loire,71,2007,,,11.59,0.1159,1.26,0.0126,29.88,0.2988,25.8,0.258,,
Sarthe,72,2007,,,10.48,0.1048,1.67,0.0167,29.02,0.2902,25.48,0.2548,,
Savoie,73,2007,,,10.75,0.1075,2.14,0.0214,33.12,0.3312,21.83,0.2183,,
Haute-Savoie,74,2007,,,9.72,0.0972,2.21,0.0221,37.45,0.3745,18.75,0.1875,,
Paris,75,2007,,,4.58,0.0458,1.53,0.0153,35.07,0.3507,31.75,0.3175,,
Seine-Maritime,76,2007,,,11.46,0.1146,1.51,0.0151,28.42,0.2842,25.91,0.2591,,
Seine-et-Marne,77,2007,,,11.17,0.1117,1.67,0.0167,33.54,0.3354,23.8,0.238,,
Yvelines,78,2007,,,7.34,0.0734,1.64,0.0164,37.66,0.3766,23.11,0.2311,,
Deux-Sèvres,79,2007,,,5.79,0.0579,1.54,0.0154,26.56,0.2656,33.89,0.3389,,
Somme,80,2007,,,14.36,0.1436,1.17,0.0117,27.73,0.2773,24.89,0.2489,,
Tarn,81,2007,,,10.58,0.1058,1.39,0.0139,26.95,0.2695,29.3,0.293,,
Tarn-et-Garonne,82,2007,,,12.48,0.1248,1.32,0.0132,28.7,0.287,26.76,0.2676,,
Var,83,2007,,,13.91,0.1391,1.37,0.0137,39.74,0.3974,18.71,0.1871,,
Vaucluse,84,2007,,,16.55,0.1655,1.36,0.0136,32.63,0.3263,21.45,0.2145,,
Vendée,85,2007,,,6.46,0.0646,1.63,0.0163,29.72,0.2972,21.67,0.2167,,
Vienne,86,2007,,,8.35,0.0835,1.6,0.016,27.86,0.2786,29.16,0.2916,,
Haute-Vienne,87,2007,,,8.56,0.0856,1.42,0.0142,25.1,0.251,31.46,0.3146,,
Vosges,88,2007,,,15.66,0.1566,1.59,0.0159,29.05,0.2905,22.77,0.2277,,
Yonne,89,2007,,,14.23,0.1423,1.44,0.0144,32.28,0.3228,20.71,0.2071,,
Territoire de Belfort,90,2007,,,14.8,0.148,1.85,0.0185,29.99,0.2999,25,0.25,,
Essonne,91,2007,,,8.65,0.0865,1.79,0.0179,31.51,0.3151,27.28,0.2728,,
Hauts-de-Seine,92,2007,,,5.53,0.0553,1.45,0.0145,38.27,0.3827,25.97,0.2597,,
Seine-Saint-Denis,93,2007,,,9.04,0.0904,1.35,0.0135,26.85,0.2685,34.13,0.3413,,
Val-de-Marne,94,2007,,,7.31,0.0731,1.61,0.0161,31.82,0.3182,29,0.29,,
Val-d'Oise,95,2007,,,9.2,0.092,1.57,0.0157,32.37,0.3237,27.76,0.2776,,
