Dep,ID,Y,RegistedVoters,TotalVotesCast,PartyVotes,MetFrance,FN,EM,EELV,LFI
Ain,01,2022,438109,340568,333024,77.74,19.8,21.05,3.62,13.2
Aisne,02,2022,373544,272455,266577,72.94,28.02,15.76,1.9,11.05
Allier,03,2022,249990,191489,185950,76.60,20.13,19.88,2.39,12.41
Alpes-de-Haute-Provence,04,2022,128074,98785,96682,77.13,20.31,16.24,3.09,17.07
Hautes-Alpes,05,2022,113519,88162,86235,77.66,17.35,18.06,4.42,17.37
Alpes-Maritimes,06,2022,778581,570332,560091,73.25,19.17,17.98,3.01,11.92
Ardèche,07,2022,255908,201742,196967,78.83,19.38,17.72,3.34,16.74
Ardennes,08,2022,186194,136845,133927,73.50,25.9,17.01,1.85,11.97
Ariège,09,2022,119039,94009,91702,78.97,18.45,15.18,2.54,20.08
Aube,10,2022,205549,153167,149653,74.52,23.99,18.64,2.25,10.94
Aude,11,2022,279926,216956,212426,77.50,22.87,15.4,2.26,15.02
Aveyron,12,2022,219467,175635,170898,80.03,15.65,21.61,3.07,14.91
Bouches-du-Rhône,13,2022,1411166,1027368,1008620,72.80,18.76,16.23,2.98,16.86
Calvados,14,2022,512148,394369,386250,77.00,17.92,23.5,3.84,14.44
Cantal,15,2022,115745,90726,88101,78.38,18.64,21.63,2.38,11.18
Charente,16,2022,257608,197700,192663,76.74,19.58,20.62,2.93,14.48
Charente-Maritime,17,2022,519202,402765,394069,77.57,19.22,21.91,3.66,13.8
Cher,18,2022,224570,164762,160529,73.37,19.94,19.37,2.24,12.42
Corrèze,19,2022,185032,146602,142600,79.23,17.11,17.9,2.72,14.99
Côte-d'Or,21,2022,366861,288982,282748,78.77,18.84,22.01,3.67,14.69
Côtes-d'Armor,22,2022,471751,375155,366390,79.52,16.93,24.09,4.1,15.73
Creuse,23,2022,90946,68979,66848,75.85,18.44,17.09,2.1,15.04
Dordogne,24,2022,318168,253312,247090,79.62,19.96,18.43,2.7,15.77
Doubs,25,2022,368379,284262,277093,77.17,18.11,20.72,3.55,15.09
Drôme,26,2022,382188,297899,291421,77.95,18.47,18.9,3.72,17.07
Eure,27,2022,432198,325735,318858,75.37,23.82,19.22,2.66,12.86
Eure-et-Loir,28,2022,303888,224928,220021,74.02,20.39,19.7,2.6,13.34
Finistère,29,2022,709708,554820,542908,78.18,14.22,24.64,4.68,16.43
Gard,30,2022,554991,422317,413972,76.09,21.89,15.91,2.7,16
Haute-Garonne,31,2022,930321,746955,732456,80.29,14.34,21.18,4.59,20.37
Gers,32,2022,147279,119009,116394,80.81,17.66,19.67,2.78,14.5
Gironde,33,2022,1158548,909534,892020,78.51,16.53,22.11,4.03,16.81
Hérault,34,2022,847351,651602,638728,76.90,19.56,16.79,3.31,18.27
Ille-et-Vilaine,35,2022,771651,610220,596844,79.08,13.19,26.68,5.52,17.17
Indre,36,2022,166100,124694,120988,75.07,20.78,18.96,2.24,12.61
Indre-et-Loire,37,2022,440502,334952,327487,76.04,16.02,23.04,3.69,15.44
Isère,38,2022,885435,686764,672488,77.56,17.49,20.39,4.56,17.34
Jura,39,2022,190597,148963,145221,78.16,20.03,18.96,3.35,15.15
Landes,40,2022,329337,263683,258050,80.06,17.81,21.09,2.62,13.53
Loir-et-Cher,41,2022,244714,185368,180810,75.75,20.52,20.63,2.9,12.41
Loire,42,2022,513794,395201,386262,76.92,19.04,20.26,3.24,15.22
Haute-Loire,43,2022,180502,143537,139493,79.52,21.38,17.95,3.21,13.46
Loire-Atlantique,44,2022,1056693,820354,802427,77.63,12.84,24.28,5.68,17.79
Loiret,45,2022,457550,343082,335420,74.98,18.76,21.2,3.15,13.88
Lot,46,2022,139278,112114,109385,80.50,15.38,19.61,3.3,18.62
Lot-et-Garonne,47,2022,241299,188397,184095,78.08,20.84,17.64,2.36,14.11
Lozère,48,2022,59812,48133,46995,80.47,17.55,17.95,2.9,15.3
Maine-et-Loire,49,2022,589167,452283,441234,76.77,15.17,26.66,4.52,13.68
Manche,50,2022,384613,291153,284458,75.70,18.14,24.09,3.09,12.2
Marne,51,2022,380644,279634,274106,73.46,22,20.62,2.51,11.26
Haute-Marne,52,2022,129389,96116,93808,74.28,26.53,16.91,1.99,10.22
Mayenne,53,2022,224722,171910,166908,76.50,16.63,27.04,3.53,11.4
Meurthe-et-Moselle,54,2022,492065,361283,353934,73.42,19.77,19.36,2.97,15.02
Meuse,55,2022,134805,100713,98499,74.71,25.65,18.2,2.32,10.06
Morbihan,56,2022,608972,478452,467374,78.57,16.89,25.08,4.44,13.83
Moselle,57,2022,745914,535615,524319,71.81,21.35,18.28,2.54,13.43
Nièvre,58,2022,154185,115336,112441,74.80,21.3,18.6,2.3,12.93
Nord,59,2022,1813906,1299873,1274781,71.66,20.57,18.53,2.59,15.42
Oise,60,2022,564121,422040,413181,74.81,23.66,17.8,2.45,14.12
Orne,61,2022,205538,154603,150950,75.22,20.34,22.38,2.68,11.19
Pas-de-Calais,62,2022,1093723,807404,790853,73.82,27.97,17.8,1.76,11.41
Puy-de-Dôme,63,2022,468148,367245,357592,78.45,16.7,21.39,3.64,15.92
Pyrénées-Atlantiques,64,2022,519929,409795,401488,78.82,13.42,21.47,3.84,14.62
Hautes-Pyrénées,65,2022,177444,137849,134888,77.69,16.87,18.99,2.74,14.91
Pyrénées-Orientales,66,2022,362076,274360,268554,75.77,24.28,15.24,2.37,14.24
Bas-Rhin,67,2022,778673,588418,576632,75.57,18.73,22.73,3.67,13.49
Haut-Rhin,68,2022,531738,393877,385086,74.07,20.11,20.17,3.57,12.46
Rhône,69,2022,1181220,925588,908950,78.36,12.73,23.56,4.39,19.39
Haute-Saône,70,2022,177715,138676,134732,78.03,26.23,17,2.41,11.87
Saône-et-Loire,71,2022,402992,307623,299298,76.33,20.34,20.5,2.66,12.99
Sarthe,72,2022,411354,305855,297063,74.35,19.99,20.39,3.29,13.19
Savoie,73,2022,320709,251780,246358,78.51,17.69,20.17,4.88,15.55
Haute-Savoie,74,2022,565675,436282,427138,77.13,15.51,23.06,5.29,13.8
Paris,75,2022,1368025,1071369,1056298,78.32,4.28,27.28,5.88,23.23
Seine-Maritime,76,2022,879304,657105,642938,74.73,20.22,20.44,2.82,15.48
Seine-et-Marne,77,2022,899274,676019,661456,75.17,17.34,18.39,2.97,19.02
Yvelines,78,2022,961245,749536,736497,77.98,10.55,25.6,4.21,17.54
Deux-Sèvres,79,2022,273209,213811,208115,78.26,17.56,25.09,3.69,14.35
Somme,80,2022,410056,307369,299340,74.96,23.95,20.29,1.96,12.78
Tarn,81,2022,298178,235360,229842,78.93,18.96,18.08,2.91,16.24
Tarn-et-Garonne,82,2022,188706,149081,145819,79.00,22.35,16.82,2.56,14.77
Var,83,2022,820904,609692,598730,74.27,22.33,17.34,2.56,10.87
Vaucluse,84,2022,411647,309956,303856,75.30,21.72,16.25,2.95,15.32
Vendée,85,2022,550963,430394,419687,78.12,17.66,27.15,3.58,10.99
Vienne,86,2022,306011,237707,231654,77.68,17.72,22.17,3.51,16.07
Haute-Vienne,87,2022,263742,208258,202118,78.96,17.2,20.84,2.99,16.36
Vosges,88,2022,277913,208999,203856,75.20,23.63,18.52,2.72,11.76
Yonne,89,2022,237955,180408,176504,75.82,23.18,17.91,2.49,13.28
Territoire de Belfort,90,2022,93724,71486,69654,76.27,20.34,17.89,2.99,15.58
Essonne,91,2022,799500,607300,594941,75.96,13.24,20.58,3.7,20.93
Hauts-de-Seine,92,2022,997667,788877,774742,79.07,6.5,28.82,4.72,20.01
Seine-Saint-Denis,93,2022,793927,554068,543138,69.79,8.13,13.87,2.44,33.58
Val-de-Marne,94,2022,796086,600677,589058,75.45,8.74,21.53,4.01,24.17
Val-d'Oise,95,2022,733529,540676,529585,73.71,12.42,18.84,2.82,23.95
Ain,01,2017,415886,334379,325799,80.40,19.59,17.72,,12.44
Aisne,02,2017,375752,295569,288140,78.66,27.35,13.75,,13.03
Allier,03,2017,253508,199233,192460,78.59,16.96,18.01,,15.11
Alpes-de-Haute-Provence,04,2017,126578,102255,99714,80.78,19.33,15.77,,17.73
Hautes-Alpes,05,2017,109907,89086,86927,81.06,16.81,17.24,,17.1
Alpes-Maritimes,06,2017,761761,599858,587932,78.75,21.42,14.7,,11.54
Ardèche,07,2017,249258,202640,195556,81.30,18.18,16.98,,17.1
Ardennes,08,2017,194379,150303,146803,77.32,24.48,13.85,,13.46
Ariège,09,2017,117409,96017,93306,81.78,17.24,16.63,,21.27
Aube,10,2017,203847,164896,161068,80.89,23.96,14.99,,11.04
Aude,11,2017,272695,220142,214361,80.73,22.22,15.77,,16.91
Aveyron,12,2017,218276,181898,176463,83.33,13.1,20.88,,15.89
Bouches-du-Rhône,13,2017,1372394,1072248,1049698,78.13,20.87,14.81,,16.85
Calvados,14,2017,501153,410840,401622,81.98,16.32,19.9,,15.09
Cantal,15,2017,117425,94658,91566,80.61,14.17,20.84,,12.4
Charente,16,2017,259954,204974,199013,78.85,16.39,19.19,,15.68
Charente-Maritime,17,2017,491369,392018,382065,79.78,16.44,18.59,,14.75
Cher,18,2017,228983,178073,172686,77.77,18.23,16.63,,14.71
Corrèze,19,2017,185277,150978,145613,81.49,13.63,21.17,,16.38
Côte-d'Or,21,2017,360658,291978,285124,80.96,17.8,18.7,,14.1
Côtes-d'Armor,22,2017,455958,384341,374969,84.29,13.53,23.02,,16.67
Creuse,23,2017,93113,73196,70251,78.61,15,16.98,,15.92
Dordogne,24,2017,314020,256500,248710,81.68,16.57,17.82,,18.19
Doubs,25,2017,368401,292202,284179,79.32,18.09,17.36,,13.79
Drôme,26,2017,369489,296279,288741,80.19,18.67,17.09,,15.71
Eure,27,2017,427533,345318,336777,80.77,23.09,15.67,,13.76
Eure-et-Loir,28,2017,301466,240992,234779,79.94,19.53,16.93,,12.62
Finistère,29,2017,690571,569935,557185,82.53,11.2,23.76,,15.87
Gard,30,2017,537939,430662,420682,80.06,22.92,14.69,,16.9
Haute-Garonne,31,2017,906653,735868,719393,81.16,13.26,20.97,,18.8
Gers,32,2017,144959,121932,118683,84.11,16.13,19.16,,15.93
Gironde,33,2017,1086982,870380,850820,80.07,14.29,20.45,,17.1
Hérault,34,2017,800394,641024,626844,80.09,20.13,16.07,,17.99
Ille-et-Vilaine,35,2017,730142,613437,599341,84.02,11.59,24.84,,16.17
Indre,36,2017,170409,135498,130934,79.51,18.77,16.02,,14.63
Indre-et-Loire,37,2017,428871,348700,339905,81.31,15.04,19.39,,15.37
Isère,38,2017,856366,678362,662514,79.21,17.27,19.16,,15.88
Jura,39,2017,190332,153808,149569,80.81,18.97,16.76,,15.94
Landes,40,2017,310197,254786,247866,82.14,14.49,19.68,,16.1
Loir-et-Cher,41,2017,245321,198996,193738,81.12,19.84,16.57,,12.87
Loire,42,2017,510809,401971,391367,78.69,18.45,17.75,,14.37
Haute-Loire,43,2017,177158,144283,139577,81.44,18.17,18.53,,14.35
Loire-Atlantique,44,2017,993538,830941,811457,83.63,11.19,23.41,,17.95
Loiret,45,2017,452607,364633,355572,80.56,18.48,18.45,,12.84
Lot,46,2017,136322,113975,110787,83.61,13.11,21.66,,19.08
Lot-et-Garonne,47,2017,240931,194126,188822,80.57,19.62,16.29,,14.95
Lozère,48,2017,59508,49559,48147,83.28,15.29,17.58,,15.94
Maine-et-Loire,49,2017,569425,472387,458958,82.96,13.69,21.37,,13.75
Manche,50,2017,379104,308902,300446,81.48,16.25,19.7,,13.46
Marne,51,2017,381696,300431,293769,78.71,21.61,15.97,,11.64
Haute-Marne,52,2017,134148,105379,102440,78.55,25.37,13.74,,11.46
Mayenne,53,2017,222325,185933,180232,83.63,13.7,21.11,,12.05
Meurthe-et-Moselle,54,2017,495091,388596,379766,78.49,19.83,16.91,,15.63
Meuse,55,2017,137629,109780,107045,79.77,25.14,15.05,,11.64
Morbihan,56,2017,577012,480899,468835,83.34,14.37,22.64,,14.21
Moselle,57,2017,751271,573771,559217,76.37,21.1,15.67,,13.33
Nièvre,58,2017,159425,123968,120434,77.76,18.7,17.16,,14.48
Nord,59,2017,1804668,1387595,1353803,76.89,21.17,14.89,,15.96
Oise,60,2017,562085,448831,437793,79.85,24.05,15.42,,13.77
Orne,61,2017,208734,170394,166057,81.63,18.94,17.16,,11.76
Pas-de-Calais,62,2017,1090368,856174,833152,78.52,26.24,14.09,,14.61
Puy-de-Dôme,63,2017,460939,367576,356567,79.75,13.67,21,,17.01
Pyrénées-Atlantiques,64,2017,502378,405021,395653,80.62,10.82,20.69,,15.69
Hautes-Pyrénées,65,2017,177690,143415,139689,80.71,14.6,19.74,,18.09
Pyrénées-Orientales,66,2017,347914,273930,266787,78.73,23.04,14.15,,16.21
Bas-Rhin,67,2017,766539,612502,598105,79.90,19.27,17.4,,11.53
Haut-Rhin,68,2017,526190,415694,403910,79.00,20.85,15.17,,11
Rhône,69,2017,1155604,906531,888512,78.45,12.5,20.43,,15.15
Haute-Saône,70,2017,179214,144238,139522,80.48,24.41,15.25,,12.36
Saône-et-Loire,71,2017,406418,319634,309951,78.65,18.52,17.03,,13.59
Sarthe,72,2017,405440,331863,322444,81.85,16.55,15.94,,14.02
Savoie,73,2017,310237,247491,241559,79.77,16.91,18.01,,14.51
Haute-Savoie,74,2017,540033,423758,413498,78.47,14.43,18.55,,12.42
Paris,75,2017,1301637,1091437,1076559,83.85,4.13,28.81,,16.18
Seine-Maritime,76,2017,881658,704364,686526,79.89,19.39,16.53,,17.28
Seine-et-Marne,77,2017,881558,698256,680591,79.21,17.64,17.84,,16.09
Yvelines,78,2017,951148,773663,758934,81.34,10.31,23.03,,13.28
Deux-Sèvres,79,2017,272385,221229,214398,81.22,14.19,21.23,,15.28
Somme,80,2017,409014,328525,319636,80.32,23.74,17,,14.54
Tarn,81,2017,291194,240687,233757,82.66,18,17.77,,16.52
Tarn-et-Garonne,82,2017,183341,150718,146801,82.21,21.37,16.54,,15.19
Var,83,2017,794777,625670,612438,78.72,23.45,13.66,,11.85
Vaucluse,84,2017,402323,321721,314228,79.97,23.84,14.47,,15.13
Vendée,85,2017,514442,431575,418830,83.89,15.08,21.38,,12.28
Vienne,86,2017,307014,244887,237748,79.76,15.32,19.26,,15.98
Haute-Vienne,87,2017,266322,215699,208415,80.99,14.24,20.87,,17.48
Vosges,88,2017,282612,226219,219502,80.05,22.62,15.43,,12.92
Yonne,89,2017,241918,189179,184553,78.20,21.76,14.98,,12.74
Territoire de Belfort,90,2017,95290,73652,71574,77.29,20.2,15.5,,14.35
Essonne,91,2017,795227,637787,623487,80.20,12.88,20.55,,17.15
Hauts-de-Seine,92,2017,986730,810015,794758,82.09,6.15,26.01,,14.72
Seine-Saint-Denis,93,2017,766894,555942,541202,72.49,9.59,16.96,,24.01
Val-de-Marne,94,2017,785540,621472,607787,79.11,8.9,21.92,,18.98
Val-d'Oise,95,2017,730497,562937,548138,77.06,12.89,18.99,,17.98
Ain,01,2012,393808,327812,321359,83.24,16.9,,1.85,
Aisne,02,2012,376068,303140,297944,80.61,20.86,,0.92,
Allier,03,2012,256275,211009,205950,82.34,14.72,,1.26,
Alpes-de-Haute-Provence,04,2012,123933,102899,100788,83.03,16.84,,2.37,
Hautes-Alpes,05,2012,106865,88619,86777,82.93,14.37,,2.94,
Alpes-Maritimes,06,2012,745288,591905,582842,79.42,18.38,,1.68,
Ardèche,07,2012,243351,204791,200718,84.15,16.53,,2.31,
Ardennes,08,2012,196579,156071,153591,79.39,19.14,,0.95,
Ariège,09,2012,116370,97868,96048,84.10,13.86,,2.36,
Aube,10,2012,203590,165651,162185,81.36,20.01,,1.13,
Aude,11,2012,264288,220647,216348,83.49,19.01,,1.71,
Aveyron,12,2012,218347,186252,181713,85.30,11.73,,1.94,
Bouches-du-Rhône,13,2012,1314766,1057334,1040623,80.42,18.51,,1.67,
Calvados,14,2012,490547,408049,401432,83.18,13.28,,1.75,
Cantal,15,2012,120962,100596,98406,83.16,12.3,,1.27,
Charente,16,2012,260765,214124,209459,82.11,14.24,,1.47,
Charente-Maritime,17,2012,471947,386469,378741,81.89,14,,1.78,
Cher,18,2012,230917,185622,181615,80.38,15.51,,1.24,
Corrèze,19,2012,186701,159369,156095,85.36,11.13,,1.15,
Côte-d'Or,21,2012,354789,294505,289071,83.01,15.35,,1.71,
Côtes-d'Armor,22,2012,450961,386508,379537,85.71,11.43,,2.34,
Creuse,23,2012,96875,79657,77750,82.23,13.06,,1.41,
Dordogne,24,2012,311933,264647,258814,84.84,14.12,,1.77,
Doubs,25,2012,359193,297416,291412,82.80,15.57,,1.91,
Drôme,26,2012,353056,293501,288253,83.13,17.11,,2.34,
Eure,27,2012,417830,340560,334475,81.51,18.21,,1.33,
Eure-et-Loir,28,2012,297784,241195,236815,81.00,16.48,,1.27,
Finistère,29,2012,676771,569595,560072,84.16,9.91,,2.44,
Gard,30,2012,513138,425148,418026,82.85,20.78,,1.73,
Haute-Garonne,31,2012,845035,705353,693593,83.47,12.56,,2.49,
Gers,32,2012,143798,123390,120666,85.81,13.35,,1.89,
Gironde,33,2012,1007663,832946,818906,82.66,12.68,,1.98,
Hérault,34,2012,746616,613422,602944,82.16,17.99,,2.04,
Ille-et-Vilaine,35,2012,697043,590071,579026,84.65,10.29,,2.63,
Indre,36,2012,173772,142436,138948,81.97,15.63,,1.16,
Indre-et-Loire,37,2012,412904,341546,335255,82.72,12.98,,1.81,
Isère,38,2012,821279,678372,666339,82.60,15.39,,2.46,
Jura,39,2012,188252,157335,154093,83.58,16.71,,1.96,
Landes,40,2012,296740,248667,243830,83.80,11.59,,1.51,
Loir-et-Cher,41,2012,243061,201276,197301,82.81,16.95,,1.41,
Loire,42,2012,509701,420475,412423,82.49,17.44,,1.59,
Haute-Loire,43,2012,176103,148878,145099,84.54,16.81,,1.73,
Loire-Atlantique,44,2012,935254,787893,773722,84.24,10.08,,2.61,
Loiret,45,2012,442928,362731,356045,81.89,16.54,,1.52,
Lot,46,2012,135178,116440,114070,86.14,11.37,,2.25,
Lot-et-Garonne,47,2012,240926,200620,196532,83.27,17.47,,1.57,
Lozère,48,2012,59890,51033,50006,85.21,14.44,,2.18,
Maine-et-Loire,49,2012,553014,466628,455773,84.38,11.44,,1.94,
Manche,50,2012,375716,312081,306129,83.06,13.55,,1.49,
Marne,51,2012,382003,301964,296987,79.05,17.44,,1.17,
Haute-Marne,52,2012,138929,111584,109353,80.32,19.88,,1.08,
Mayenne,53,2012,221493,186972,182271,84.41,12.16,,1.74,
Meurthe-et-Moselle,54,2012,495506,396145,389903,79.95,16.66,,1.42,
Meuse,55,2012,140133,114529,112454,81.73,20.72,,1.28,
Morbihan,56,2012,555819,469696,461158,84.51,12.9,,2.33,
Moselle,57,2012,745678,582730,572072,78.15,18.97,,1.32,
Nièvre,58,2012,164911,133190,130596,80.76,15.5,,1.3,
Nord,59,2012,1792359,1395836,1371099,77.88,16.76,,1.34,
Oise,60,2012,548845,444203,435969,80.93,19.92,,1.2,
Orne,61,2012,212521,177143,173754,83.35,16.35,,1.46,
Pas-de-Calais,62,2012,1083728,865561,849139,79.87,20,,0.95,
Puy-de-Dôme,63,2012,449247,377666,369444,84.07,12.81,,1.68,
Pyrénées-Atlantiques,64,2012,488946,402158,393657,82.25,9.79,,2.32,
Hautes-Pyrénées,65,2012,177417,147673,144704,83.23,12.16,,1.69,
Pyrénées-Orientales,66,2012,329243,269306,264194,81.80,19.44,,1.69,
Bas-Rhin,67,2012,748087,597183,585932,79.83,16.61,,2.16,
Haut-Rhin,68,2012,521174,413808,405411,79.40,18.23,,2.11,
Rhône,69,2012,1100632,897884,883651,81.58,12.11,,2.33,
Haute-Saône,70,2012,180646,150218,146536,83.16,20.38,,1.28,
Saône-et-Loire,71,2012,409987,332410,324826,81.08,15.87,,1.33,
Sarthe,72,2012,406858,334335,326102,82.17,15.37,,1.51,
Savoie,73,2012,298785,248247,243115,83.09,15.39,,2.78,
Haute-Savoie,74,2012,504674,409358,402015,81.11,13.19,,2.86,
Paris,75,2012,1253322,1004567,992474,80.15,4.91,,3.31,
Seine-Maritime,76,2012,876165,708871,695401,80.91,15,,1.3,
Seine-et-Marne,77,2012,843673,657276,645798,77.91,15.04,,1.5,
Yvelines,78,2012,926619,730379,719313,78.82,9.66,,1.94,
Deux-Sèvres,79,2012,270711,227115,221715,83.90,11.11,,1.65,
Somme,80,2012,409444,335149,329137,81.85,19.11,,0.98,
Tarn,81,2012,283884,242060,236714,85.27,15.78,,1.78,
Tarn-et-Garonne,82,2012,175312,149010,145844,85.00,18.38,,1.64,
Var,83,2012,757180,610163,600730,80.58,19.7,,1.5,
Vaucluse,84,2012,388052,318435,312889,82.06,21.8,,1.82,
Vendée,85,2012,488819,417101,407384,85.33,12.65,,1.57,
Vienne,86,2012,303653,251096,245690,82.69,13.28,,1.76,
Haute-Vienne,87,2012,264914,223889,217939,84.51,13.52,,1.48,
Vosges,88,2012,285410,234076,228902,82.01,19.39,,1.41,
Yonne,89,2012,245258,198023,194476,80.74,18.78,,1.4,
Territoire de Belfort,90,2012,94889,76507,74923,80.63,18.74,,1.6,
Essonne,91,2012,767292,607528,597251,79.18,11.83,,1.83,
Hauts-de-Seine,92,2012,938538,745378,733652,79.42,6.65,,2.14,
Seine-Saint-Denis,93,2012,740536,544019,533915,73.46,9.77,,1.59,
Val-de-Marne,94,2012,767571,594863,585362,77.50,9.04,,2.01,
Val-d'Oise,95,2012,704810,542467,532715,76.97,11.79,,1.55,
